"sub","id","trial","high","phigh","low","medium","risky.choice"
1,10,1,-1.5,0.92,-6.4,-1.8,0
1,17,2,-9.7,0.1,-24.7,-23.8,1
1,24,3,9.2,0.05,-9.5,-7.5,0
1,53,4,25.7,0.1,8.1,11.5,0
1,47,5,24.3,0.04,9.7,10.6,0
1,51,6,13.1,0.94,3.8,12.8,1
1,55,7,11.4,0.97,1.9,11,0
1,52,8,3.5,0.09,0.1,0.5,0
1,42,9,17.9,0.92,7.2,17.1,0
1,9,10,-5.7,0.95,-16.3,-6.1,0
1,44,11,10,0.96,1.7,9.9,0
1,60,12,8,0.92,0.8,7.7,0
1,54,13,16.5,0.01,6.9,7,1
1,39,14,7.4,0.3,-8.2,-6.9,1
1,22,15,9.6,0.91,-6.4,8.7,0
1,46,16,17.1,0.1,6.9,8,1
1,20,17,-4.3,0.6,-16.1,-4.5,0
1,5,18,-1.7,0.9,-3.9,-1.9,1
1,27,19,1.6,0.93,-8.3,1.2,0
1,26,20,6.4,0.05,-5.3,-4.9,0
1,32,21,6.7,0.93,-5,5.6,0
1,48,22,18.2,0.98,6.9,18.1,0
1,1,23,-0.3,0.96,-2.1,-0.3,0
1,16,24,-7.1,0.07,-19.6,-18.7,0
1,34,25,1.3,0.05,-4.3,-4.1,0
1,28,26,5.9,0.8,-0.8,4.6,0
1,15,27,-8.9,0.08,-26.3,-25.4,0
1,33,28,7.3,0.96,-8.5,6.8,0
1,57,29,11.5,0.6,3.7,7.9,1
1,31,30,6.7,0.95,-1.8,6.4,0
1,2,31,-0.9,0.95,-4.2,-1,0
1,6,32,-6.3,0.99,-15.7,-6.4,0
1,18,33,-4,0.2,-9.3,-8.1,1
1,30,34,3,0.91,-7.7,1.4,0
1,29,35,7.9,0.92,-2.3,7,1
1,59,36,10.1,0.3,4.2,6,1
1,40,37,6,0.98,-1.3,5.9,0
1,45,38,2.8,0.8,1,2.2,1
1,23,39,7.3,0.8,-3.6,5.6,0
1,8,40,-0.7,0.1,-6.5,-6,0
1,36,41,5,0.08,-9.1,-7.9,0
1,14,42,-8.8,0.6,-19.5,-15.5,1
1,38,43,6.7,0.07,-6.2,-5.1,1
1,13,44,-2,0.05,-10.4,-9.4,0
1,4,45,-10,0.2,-29.2,-25.6,1
1,12,46,-5.4,0.94,-16.8,-6.4,0
1,37,47,2.1,0.8,-8.4,1.3,0
1,19,48,-6.5,0.9,-17.5,-8.4,1
1,7,49,-5.6,0.7,-20.2,-11.7,0
1,50,50,5.8,0.04,2.7,2.8,1
1,41,51,18.8,0.8,7.6,15.5,1
1,43,52,22.9,0.06,9.6,9.2,1
1,3,53,-6.3,0.3,-15.2,-12.2,0
1,11,54,-1.2,0.02,-12.3,-12.1,1
1,35,55,3,0.93,-7.2,2.2,0
1,21,56,2,0.1,-5.7,-4.6,0
1,58,57,20.8,0.99,8.9,20.7,0
1,25,58,7.4,0.02,-6.6,-6.4,1
1,56,59,26.5,0.94,8.3,25.2,0
1,49,60,13.4,0.5,3.8,9.9,0
2,15,1,-8.9,0.08,-26.3,-25.4,0
2,28,2,5.9,0.8,-0.8,4.6,0
2,41,3,18.8,0.8,7.6,15.5,1
2,55,4,11.4,0.97,1.9,11,0
2,16,5,-7.1,0.07,-19.6,-18.7,0
2,36,6,5,0.08,-9.1,-7.9,0
2,25,7,7.4,0.02,-6.6,-6.4,1
2,19,8,-6.5,0.9,-17.5,-8.4,1
2,4,9,-10,0.2,-29.2,-25.6,1
2,35,10,3,0.93,-7.2,2.2,0
2,14,11,-8.8,0.6,-19.5,-15.5,0
2,1,12,-0.3,0.96,-2.1,-0.3,0
2,5,13,-1.7,0.9,-3.9,-1.9,0
2,56,14,26.5,0.94,8.3,25.2,0
2,30,15,3,0.91,-7.7,1.4,0
2,12,16,-5.4,0.94,-16.8,-6.4,0
2,9,17,-5.7,0.95,-16.3,-6.1,0
2,7,18,-5.6,0.7,-20.2,-11.7,1
2,43,19,22.9,0.06,9.6,9.2,1
2,24,20,9.2,0.05,-9.5,-7.5,0
2,33,21,7.3,0.96,-8.5,6.8,0
2,46,22,17.1,0.1,6.9,8,0
2,48,23,18.2,0.98,6.9,18.1,0
2,49,24,13.4,0.5,3.8,9.9,0
2,58,25,20.8,0.99,8.9,20.7,0
2,45,26,2.8,0.8,1,2.2,0
2,20,27,-4.3,0.6,-16.1,-4.5,0
2,17,28,-9.7,0.1,-24.7,-23.8,1
2,38,29,6.7,0.07,-6.2,-5.1,0
2,37,30,2.1,0.8,-8.4,1.3,0
2,54,31,16.5,0.01,6.9,7,1
2,31,32,6.7,0.95,-1.8,6.4,0
2,42,33,17.9,0.92,7.2,17.1,0
2,2,34,-0.9,0.95,-4.2,-1,0
2,29,35,7.9,0.92,-2.3,7,0
2,40,36,6,0.98,-1.3,5.9,0
2,44,37,10,0.96,1.7,9.9,0
2,10,38,-1.5,0.92,-6.4,-1.8,0
2,59,39,10.1,0.3,4.2,6,0
2,39,40,7.4,0.3,-8.2,-6.9,1
2,11,41,-1.2,0.02,-12.3,-12.1,0
2,57,42,11.5,0.6,3.7,7.9,0
2,26,43,6.4,0.05,-5.3,-4.9,1
2,27,44,1.6,0.93,-8.3,1.2,0
2,13,45,-2,0.05,-10.4,-9.4,0
2,51,46,13.1,0.94,3.8,12.8,0
2,52,47,3.5,0.09,0.1,0.5,1
2,53,48,25.7,0.1,8.1,11.5,1
2,18,49,-4,0.2,-9.3,-8.1,0
2,22,50,9.6,0.91,-6.4,8.7,0
2,21,51,2,0.1,-5.7,-4.6,0
2,3,52,-6.3,0.3,-15.2,-12.2,0
2,23,53,7.3,0.8,-3.6,5.6,0
2,32,54,6.7,0.93,-5,5.6,0
2,6,55,-6.3,0.99,-15.7,-6.4,0
2,8,56,-0.7,0.1,-6.5,-6,0
2,47,57,24.3,0.04,9.7,10.6,0
2,60,58,8,0.92,0.8,7.7,0
2,50,59,5.8,0.04,2.7,2.8,0
2,34,60,1.3,0.05,-4.3,-4.1,0
3,31,1,6.7,0.95,-1.8,6.4,1
3,17,2,-9.7,0.1,-24.7,-23.8,1
3,9,3,-5.7,0.95,-16.3,-6.1,1
3,14,4,-8.8,0.6,-19.5,-15.5,1
3,37,5,2.1,0.8,-8.4,1.3,0
3,26,6,6.4,0.05,-5.3,-4.9,1
3,24,7,9.2,0.05,-9.5,-7.5,0
3,58,8,20.8,0.99,8.9,20.7,0
3,48,9,18.2,0.98,6.9,18.1,0
3,39,10,7.4,0.3,-8.2,-6.9,1
3,45,11,2.8,0.8,1,2.2,0
3,13,12,-2,0.05,-10.4,-9.4,1
3,56,13,26.5,0.94,8.3,25.2,1
3,29,14,7.9,0.92,-2.3,7,0
3,5,15,-1.7,0.9,-3.9,-1.9,0
3,3,16,-6.3,0.3,-15.2,-12.2,1
3,40,17,6,0.98,-1.3,5.9,0
3,41,18,18.8,0.8,7.6,15.5,0
3,59,19,10.1,0.3,4.2,6,1
3,11,20,-1.2,0.02,-12.3,-12.1,1
3,49,21,13.4,0.5,3.8,9.9,0
3,60,22,8,0.92,0.8,7.7,0
3,28,23,5.9,0.8,-0.8,4.6,0
3,57,24,11.5,0.6,3.7,7.9,0
3,2,25,-0.9,0.95,-4.2,-1,0
3,27,26,1.6,0.93,-8.3,1.2,0
3,43,27,22.9,0.06,9.6,9.2,1
3,19,28,-6.5,0.9,-17.5,-8.4,1
3,30,29,3,0.91,-7.7,1.4,0
3,46,30,17.1,0.1,6.9,8,1
3,32,31,6.7,0.93,-5,5.6,0
3,15,32,-8.9,0.08,-26.3,-25.4,1
3,54,33,16.5,0.01,6.9,7,1
3,6,34,-6.3,0.99,-15.7,-6.4,0
3,55,35,11.4,0.97,1.9,11,0
3,34,36,1.3,0.05,-4.3,-4.1,1
3,8,37,-0.7,0.1,-6.5,-6,1
3,20,38,-4.3,0.6,-16.1,-4.5,0
3,10,39,-1.5,0.92,-6.4,-1.8,0
3,16,40,-7.1,0.07,-19.6,-18.7,1
3,35,41,3,0.93,-7.2,2.2,0
3,47,42,24.3,0.04,9.7,10.6,1
3,53,43,25.7,0.1,8.1,11.5,0
3,21,44,2,0.1,-5.7,-4.6,1
3,25,45,7.4,0.02,-6.6,-6.4,1
3,33,46,7.3,0.96,-8.5,6.8,0
3,1,47,-0.3,0.96,-2.1,-0.3,0
3,18,48,-4,0.2,-9.3,-8.1,1
3,50,49,5.8,0.04,2.7,2.8,1
3,51,50,13.1,0.94,3.8,12.8,0
3,42,51,17.9,0.92,7.2,17.1,0
3,36,52,5,0.08,-9.1,-7.9,1
3,23,53,7.3,0.8,-3.6,5.6,0
3,38,54,6.7,0.07,-6.2,-5.1,0
3,12,55,-5.4,0.94,-16.8,-6.4,0
3,52,56,3.5,0.09,0.1,0.5,0
3,4,57,-10,0.2,-29.2,-25.6,1
3,7,58,-5.6,0.7,-20.2,-11.7,1
3,44,59,10,0.96,1.7,9.9,0
3,22,60,9.6,0.91,-6.4,8.7,0
4,28,1,5.9,0.8,-0.8,4.6,1
4,20,2,-4.3,0.6,-16.1,-4.5,0
4,21,3,2,0.1,-5.7,-4.6,0
4,43,4,22.9,0.06,9.6,9.2,1
4,5,5,-1.7,0.9,-3.9,-1.9,1
4,25,6,7.4,0.02,-6.6,-6.4,0
4,27,7,1.6,0.93,-8.3,1.2,1
4,56,8,26.5,0.94,8.3,25.2,0
4,6,9,-6.3,0.99,-15.7,-6.4,1
4,17,10,-9.7,0.1,-24.7,-23.8,0
4,9,11,-5.7,0.95,-16.3,-6.1,0
4,3,12,-6.3,0.3,-15.2,-12.2,1
4,32,13,6.7,0.93,-5,5.6,1
4,19,14,-6.5,0.9,-17.5,-8.4,0
4,13,15,-2,0.05,-10.4,-9.4,0
4,29,16,7.9,0.92,-2.3,7,1
4,10,17,-1.5,0.92,-6.4,-1.8,1
4,34,18,1.3,0.05,-4.3,-4.1,1
4,18,19,-4,0.2,-9.3,-8.1,0
4,50,20,5.8,0.04,2.7,2.8,1
4,54,21,16.5,0.01,6.9,7,1
4,23,22,7.3,0.8,-3.6,5.6,0
4,51,23,13.1,0.94,3.8,12.8,0
4,48,24,18.2,0.98,6.9,18.1,0
4,53,25,25.7,0.1,8.1,11.5,0
4,55,26,11.4,0.97,1.9,11,0
4,36,27,5,0.08,-9.1,-7.9,0
4,47,28,24.3,0.04,9.7,10.6,0
4,8,29,-0.7,0.1,-6.5,-6,0
4,7,30,-5.6,0.7,-20.2,-11.7,0
4,33,31,7.3,0.96,-8.5,6.8,1
4,16,32,-7.1,0.07,-19.6,-18.7,1
4,39,33,7.4,0.3,-8.2,-6.9,1
4,49,34,13.4,0.5,3.8,9.9,0
4,52,35,3.5,0.09,0.1,0.5,0
4,57,36,11.5,0.6,3.7,7.9,0
4,31,37,6.7,0.95,-1.8,6.4,0
4,2,38,-0.9,0.95,-4.2,-1,1
4,42,39,17.9,0.92,7.2,17.1,1
4,44,40,10,0.96,1.7,9.9,1
4,46,41,17.1,0.1,6.9,8,0
4,59,42,10.1,0.3,4.2,6,0
4,37,43,2.1,0.8,-8.4,1.3,0
4,30,44,3,0.91,-7.7,1.4,1
4,41,45,18.8,0.8,7.6,15.5,0
4,15,46,-8.9,0.08,-26.3,-25.4,0
4,38,47,6.7,0.07,-6.2,-5.1,0
4,58,48,20.8,0.99,8.9,20.7,0
4,11,49,-1.2,0.02,-12.3,-12.1,1
4,45,50,2.8,0.8,1,2.2,1
4,40,51,6,0.98,-1.3,5.9,0
4,22,52,9.6,0.91,-6.4,8.7,0
4,24,53,9.2,0.05,-9.5,-7.5,0
4,26,54,6.4,0.05,-5.3,-4.9,0
4,4,55,-10,0.2,-29.2,-25.6,0
4,35,56,3,0.93,-7.2,2.2,0
4,60,57,8,0.92,0.8,7.7,1
4,1,58,-0.3,0.96,-2.1,-0.3,1
4,14,59,-8.8,0.6,-19.5,-15.5,0
4,12,60,-5.4,0.94,-16.8,-6.4,0
5,2,1,-0.9,0.95,-4.2,-1,1
5,16,2,-7.1,0.07,-19.6,-18.7,0
5,32,3,6.7,0.93,-5,5.6,0
5,29,4,7.9,0.92,-2.3,7,0
5,25,5,7.4,0.02,-6.6,-6.4,1
5,30,6,3,0.91,-7.7,1.4,0
5,24,7,9.2,0.05,-9.5,-7.5,0
5,49,8,13.4,0.5,3.8,9.9,0
5,6,9,-6.3,0.99,-15.7,-6.4,1
5,60,10,8,0.92,0.8,7.7,0
5,39,11,7.4,0.3,-8.2,-6.9,1
5,12,12,-5.4,0.94,-16.8,-6.4,0
5,38,13,6.7,0.07,-6.2,-5.1,0
5,53,14,25.7,0.1,8.1,11.5,1
5,47,15,24.3,0.04,9.7,10.6,1
5,46,16,17.1,0.1,6.9,8,1
5,44,17,10,0.96,1.7,9.9,1
5,23,18,7.3,0.8,-3.6,5.6,0
5,26,19,6.4,0.05,-5.3,-4.9,1
5,41,20,18.8,0.8,7.6,15.5,0
5,5,21,-1.7,0.9,-3.9,-1.9,0
5,50,22,5.8,0.04,2.7,2.8,1
5,52,23,3.5,0.09,0.1,0.5,1
5,11,24,-1.2,0.02,-12.3,-12.1,1
5,13,25,-2,0.05,-10.4,-9.4,1
5,7,26,-5.6,0.7,-20.2,-11.7,1
5,58,27,20.8,0.99,8.9,20.7,1
5,42,28,17.9,0.92,7.2,17.1,0
5,37,29,2.1,0.8,-8.4,1.3,0
5,18,30,-4,0.2,-9.3,-8.1,1
5,20,31,-4.3,0.6,-16.1,-4.5,0
5,43,32,22.9,0.06,9.6,9.2,1
5,55,33,11.4,0.97,1.9,11,0
5,51,34,13.1,0.94,3.8,12.8,0
5,59,35,10.1,0.3,4.2,6,1
5,4,36,-10,0.2,-29.2,-25.6,1
5,36,37,5,0.08,-9.1,-7.9,0
5,48,38,18.2,0.98,6.9,18.1,0
5,54,39,16.5,0.01,6.9,7,1
5,10,40,-1.5,0.92,-6.4,-1.8,0
5,34,41,1.3,0.05,-4.3,-4.1,0
5,45,42,2.8,0.8,1,2.2,1
5,17,43,-9.7,0.1,-24.7,-23.8,1
5,27,44,1.6,0.93,-8.3,1.2,0
5,14,45,-8.8,0.6,-19.5,-15.5,1
5,31,46,6.7,0.95,-1.8,6.4,0
5,19,47,-6.5,0.9,-17.5,-8.4,1
5,9,48,-5.7,0.95,-16.3,-6.1,1
5,1,49,-0.3,0.96,-2.1,-0.3,0
5,57,50,11.5,0.6,3.7,7.9,0
5,8,51,-0.7,0.1,-6.5,-6,1
5,22,52,9.6,0.91,-6.4,8.7,0
5,40,53,6,0.98,-1.3,5.9,0
5,21,54,2,0.1,-5.7,-4.6,1
5,28,55,5.9,0.8,-0.8,4.6,0
5,56,56,26.5,0.94,8.3,25.2,0
5,33,57,7.3,0.96,-8.5,6.8,0
5,35,58,3,0.93,-7.2,2.2,0
5,15,59,-8.9,0.08,-26.3,-25.4,0
5,3,60,-6.3,0.3,-15.2,-12.2,1
6,43,1,22.9,0.06,9.6,9.2,0
6,39,2,7.4,0.3,-8.2,-6.9,1
6,1,3,-0.3,0.96,-2.1,-0.3,0
6,2,4,-0.9,0.95,-4.2,-1,0
6,52,5,3.5,0.09,0.1,0.5,0
6,49,6,13.4,0.5,3.8,9.9,0
6,8,7,-0.7,0.1,-6.5,-6,1
6,22,8,9.6,0.91,-6.4,8.7,0
6,32,9,6.7,0.93,-5,5.6,0
6,47,10,24.3,0.04,9.7,10.6,1
6,46,11,17.1,0.1,6.9,8,0
6,17,12,-9.7,0.1,-24.7,-23.8,1
6,16,13,-7.1,0.07,-19.6,-18.7,0
6,50,14,5.8,0.04,2.7,2.8,1
6,29,15,7.9,0.92,-2.3,7,0
6,34,16,1.3,0.05,-4.3,-4.1,1
6,55,17,11.4,0.97,1.9,11,0
6,15,18,-8.9,0.08,-26.3,-25.4,0
6,45,19,2.8,0.8,1,2.2,0
6,23,20,7.3,0.8,-3.6,5.6,0
6,4,21,-10,0.2,-29.2,-25.6,0
6,44,22,10,0.96,1.7,9.9,0
6,6,23,-6.3,0.99,-15.7,-6.4,1
6,31,24,6.7,0.95,-1.8,6.4,0
6,60,25,8,0.92,0.8,7.7,0
6,10,26,-1.5,0.92,-6.4,-1.8,0
6,21,27,2,0.1,-5.7,-4.6,0
6,38,28,6.7,0.07,-6.2,-5.1,0
6,56,29,26.5,0.94,8.3,25.2,0
6,51,30,13.1,0.94,3.8,12.8,0
6,30,31,3,0.91,-7.7,1.4,0
6,7,32,-5.6,0.7,-20.2,-11.7,0
6,48,33,18.2,0.98,6.9,18.1,0
6,58,34,20.8,0.99,8.9,20.7,0
6,19,35,-6.5,0.9,-17.5,-8.4,0
6,14,36,-8.8,0.6,-19.5,-15.5,0
6,36,37,5,0.08,-9.1,-7.9,0
6,53,38,25.7,0.1,8.1,11.5,0
6,11,39,-1.2,0.02,-12.3,-12.1,1
6,27,40,1.6,0.93,-8.3,1.2,0
6,3,41,-6.3,0.3,-15.2,-12.2,0
6,59,42,10.1,0.3,4.2,6,0
6,33,43,7.3,0.96,-8.5,6.8,0
6,41,44,18.8,0.8,7.6,15.5,0
6,18,45,-4,0.2,-9.3,-8.1,1
6,9,46,-5.7,0.95,-16.3,-6.1,0
6,42,47,17.9,0.92,7.2,17.1,0
6,24,48,9.2,0.05,-9.5,-7.5,0
6,5,49,-1.7,0.9,-3.9,-1.9,0
6,25,50,7.4,0.02,-6.6,-6.4,0
6,28,51,5.9,0.8,-0.8,4.6,0
6,26,52,6.4,0.05,-5.3,-4.9,1
6,12,53,-5.4,0.94,-16.8,-6.4,0
6,20,54,-4.3,0.6,-16.1,-4.5,0
6,35,55,3,0.93,-7.2,2.2,0
6,37,56,2.1,0.8,-8.4,1.3,0
6,54,57,16.5,0.01,6.9,7,1
6,13,58,-2,0.05,-10.4,-9.4,0
6,40,59,6,0.98,-1.3,5.9,0
6,57,60,11.5,0.6,3.7,7.9,0
7,12,1,-5.4,0.94,-16.8,-6.4,0
7,29,2,7.9,0.92,-2.3,7,1
7,34,3,1.3,0.05,-4.3,-4.1,1
7,35,4,3,0.93,-7.2,2.2,0
7,52,5,3.5,0.09,0.1,0.5,1
7,3,6,-6.3,0.3,-15.2,-12.2,1
7,14,7,-8.8,0.6,-19.5,-15.5,0
7,49,8,13.4,0.5,3.8,9.9,0
7,26,9,6.4,0.05,-5.3,-4.9,1
7,60,10,8,0.92,0.8,7.7,0
7,15,11,-8.9,0.08,-26.3,-25.4,1
7,24,12,9.2,0.05,-9.5,-7.5,1
7,38,13,6.7,0.07,-6.2,-5.1,1
7,28,14,5.9,0.8,-0.8,4.6,1
7,32,15,6.7,0.93,-5,5.6,0
7,47,16,24.3,0.04,9.7,10.6,1
7,39,17,7.4,0.3,-8.2,-6.9,1
7,44,18,10,0.96,1.7,9.9,0
7,55,19,11.4,0.97,1.9,11,0
7,27,20,1.6,0.93,-8.3,1.2,0
7,45,21,2.8,0.8,1,2.2,1
7,33,22,7.3,0.96,-8.5,6.8,0
7,42,23,17.9,0.92,7.2,17.1,0
7,5,24,-1.7,0.9,-3.9,-1.9,1
7,11,25,-1.2,0.02,-12.3,-12.1,1
7,22,26,9.6,0.91,-6.4,8.7,0
7,6,27,-6.3,0.99,-15.7,-6.4,1
7,4,28,-10,0.2,-29.2,-25.6,1
7,54,29,16.5,0.01,6.9,7,1
7,36,30,5,0.08,-9.1,-7.9,1
7,8,31,-0.7,0.1,-6.5,-6,1
7,48,32,18.2,0.98,6.9,18.1,0
7,57,33,11.5,0.6,3.7,7.9,1
7,37,34,2.1,0.8,-8.4,1.3,0
7,9,35,-5.7,0.95,-16.3,-6.1,1
7,46,36,17.1,0.1,6.9,8,1
7,56,37,26.5,0.94,8.3,25.2,0
7,25,38,7.4,0.02,-6.6,-6.4,1
7,40,39,6,0.98,-1.3,5.9,0
7,10,40,-1.5,0.92,-6.4,-1.8,0
7,58,41,20.8,0.99,8.9,20.7,0
7,16,42,-7.1,0.07,-19.6,-18.7,1
7,19,43,-6.5,0.9,-17.5,-8.4,1
7,13,44,-2,0.05,-10.4,-9.4,1
7,17,45,-9.7,0.1,-24.7,-23.8,1
7,20,46,-4.3,0.6,-16.1,-4.5,0
7,31,47,6.7,0.95,-1.8,6.4,0
7,1,48,-0.3,0.96,-2.1,-0.3,0
7,53,49,25.7,0.1,8.1,11.5,0
7,41,50,18.8,0.8,7.6,15.5,0
7,2,51,-0.9,0.95,-4.2,-1,0
7,43,52,22.9,0.06,9.6,9.2,1
7,7,53,-5.6,0.7,-20.2,-11.7,1
7,59,54,10.1,0.3,4.2,6,1
7,18,55,-4,0.2,-9.3,-8.1,1
7,23,56,7.3,0.8,-3.6,5.6,0
7,30,57,3,0.91,-7.7,1.4,0
7,50,58,5.8,0.04,2.7,2.8,1
7,21,59,2,0.1,-5.7,-4.6,1
7,51,60,13.1,0.94,3.8,12.8,0
8,32,1,6.7,0.93,-5,5.6,0
8,56,2,26.5,0.94,8.3,25.2,0
8,21,3,2,0.1,-5.7,-4.6,0
8,41,4,18.8,0.8,7.6,15.5,0
8,3,5,-6.3,0.3,-15.2,-12.2,1
8,10,6,-1.5,0.92,-6.4,-1.8,0
8,8,7,-0.7,0.1,-6.5,-6,1
8,16,8,-7.1,0.07,-19.6,-18.7,0
8,7,9,-5.6,0.7,-20.2,-11.7,0
8,13,10,-2,0.05,-10.4,-9.4,1
8,20,11,-4.3,0.6,-16.1,-4.5,0
8,31,12,6.7,0.95,-1.8,6.4,0
8,51,13,13.1,0.94,3.8,12.8,0
8,34,14,1.3,0.05,-4.3,-4.1,1
8,45,15,2.8,0.8,1,2.2,0
8,52,16,3.5,0.09,0.1,0.5,1
8,54,17,16.5,0.01,6.9,7,1
8,5,18,-1.7,0.9,-3.9,-1.9,0
8,60,19,8,0.92,0.8,7.7,0
8,44,20,10,0.96,1.7,9.9,0
8,4,21,-10,0.2,-29.2,-25.6,1
8,59,22,10.1,0.3,4.2,6,0
8,26,23,6.4,0.05,-5.3,-4.9,1
8,46,24,17.1,0.1,6.9,8,0
8,39,25,7.4,0.3,-8.2,-6.9,1
8,27,26,1.6,0.93,-8.3,1.2,0
8,58,27,20.8,0.99,8.9,20.7,0
8,28,28,5.9,0.8,-0.8,4.6,0
8,37,29,2.1,0.8,-8.4,1.3,0
8,29,30,7.9,0.92,-2.3,7,0
8,12,31,-5.4,0.94,-16.8,-6.4,0
8,38,32,6.7,0.07,-6.2,-5.1,1
8,2,33,-0.9,0.95,-4.2,-1,0
8,57,34,11.5,0.6,3.7,7.9,0
8,47,35,24.3,0.04,9.7,10.6,1
8,19,36,-6.5,0.9,-17.5,-8.4,0
8,1,37,-0.3,0.96,-2.1,-0.3,0
8,24,38,9.2,0.05,-9.5,-7.5,0
8,6,39,-6.3,0.99,-15.7,-6.4,0
8,43,40,22.9,0.06,9.6,9.2,1
8,35,41,3,0.93,-7.2,2.2,0
8,36,42,5,0.08,-9.1,-7.9,0
8,33,43,7.3,0.96,-8.5,6.8,0
8,23,44,7.3,0.8,-3.6,5.6,0
8,55,45,11.4,0.97,1.9,11,0
8,11,46,-1.2,0.02,-12.3,-12.1,1
8,15,47,-8.9,0.08,-26.3,-25.4,1
8,53,48,25.7,0.1,8.1,11.5,1
8,25,49,7.4,0.02,-6.6,-6.4,1
8,22,50,9.6,0.91,-6.4,8.7,0
8,49,51,13.4,0.5,3.8,9.9,0
8,30,52,3,0.91,-7.7,1.4,0
8,50,53,5.8,0.04,2.7,2.8,1
8,48,54,18.2,0.98,6.9,18.1,0
8,40,55,6,0.98,-1.3,5.9,0
8,42,56,17.9,0.92,7.2,17.1,0
8,18,57,-4,0.2,-9.3,-8.1,0
8,9,58,-5.7,0.95,-16.3,-6.1,0
8,17,59,-9.7,0.1,-24.7,-23.8,1
8,14,60,-8.8,0.6,-19.5,-15.5,0
9,14,1,-8.8,0.6,-19.5,-15.5,1
9,47,2,24.3,0.04,9.7,10.6,1
9,37,3,2.1,0.8,-8.4,1.3,0
9,54,4,16.5,0.01,6.9,7,1
9,28,5,5.9,0.8,-0.8,4.6,1
9,5,6,-1.7,0.9,-3.9,-1.9,0
9,21,7,2,0.1,-5.7,-4.6,0
9,7,8,-5.6,0.7,-20.2,-11.7,0
9,1,9,-0.3,0.96,-2.1,-0.3,0
9,19,10,-6.5,0.9,-17.5,-8.4,0
9,30,11,3,0.91,-7.7,1.4,0
9,55,12,11.4,0.97,1.9,11,0
9,52,13,3.5,0.09,0.1,0.5,0
9,23,14,7.3,0.8,-3.6,5.6,1
9,11,15,-1.2,0.02,-12.3,-12.1,1
9,3,16,-6.3,0.3,-15.2,-12.2,0
9,15,17,-8.9,0.08,-26.3,-25.4,1
9,13,18,-2,0.05,-10.4,-9.4,1
9,27,19,1.6,0.93,-8.3,1.2,0
9,20,20,-4.3,0.6,-16.1,-4.5,0
9,56,21,26.5,0.94,8.3,25.2,0
9,39,22,7.4,0.3,-8.2,-6.9,1
9,42,23,17.9,0.92,7.2,17.1,0
9,38,24,6.7,0.07,-6.2,-5.1,1
9,53,25,25.7,0.1,8.1,11.5,1
9,12,26,-5.4,0.94,-16.8,-6.4,0
9,41,27,18.8,0.8,7.6,15.5,1
9,29,28,7.9,0.92,-2.3,7,1
9,18,29,-4,0.2,-9.3,-8.1,1
9,51,30,13.1,0.94,3.8,12.8,0
9,49,31,13.4,0.5,3.8,9.9,0
9,25,32,7.4,0.02,-6.6,-6.4,1
9,48,33,18.2,0.98,6.9,18.1,0
9,33,34,7.3,0.96,-8.5,6.8,1
9,17,35,-9.7,0.1,-24.7,-23.8,1
9,22,36,9.6,0.91,-6.4,8.7,0
9,45,37,2.8,0.8,1,2.2,1
9,26,38,6.4,0.05,-5.3,-4.9,1
9,40,39,6,0.98,-1.3,5.9,0
9,34,40,1.3,0.05,-4.3,-4.1,1
9,9,41,-5.7,0.95,-16.3,-6.1,0
9,36,42,5,0.08,-9.1,-7.9,1
9,35,43,3,0.93,-7.2,2.2,1
9,46,44,17.1,0.1,6.9,8,0
9,32,45,6.7,0.93,-5,5.6,1
9,31,46,6.7,0.95,-1.8,6.4,0
9,24,47,9.2,0.05,-9.5,-7.5,0
9,58,48,20.8,0.99,8.9,20.7,1
9,50,49,5.8,0.04,2.7,2.8,0
9,2,50,-0.9,0.95,-4.2,-1,1
9,10,51,-1.5,0.92,-6.4,-1.8,1
9,44,52,10,0.96,1.7,9.9,1
9,4,53,-10,0.2,-29.2,-25.6,1
9,60,54,8,0.92,0.8,7.7,1
9,43,55,22.9,0.06,9.6,9.2,1
9,16,56,-7.1,0.07,-19.6,-18.7,1
9,6,57,-6.3,0.99,-15.7,-6.4,1
9,59,58,10.1,0.3,4.2,6,1
9,57,59,11.5,0.6,3.7,7.9,1
9,8,60,-0.7,0.1,-6.5,-6,1
10,52,1,3.5,0.09,0.1,0.5,0
10,19,2,-6.5,0.9,-17.5,-8.4,1
10,30,3,3,0.91,-7.7,1.4,1
10,40,4,6,0.98,-1.3,5.9,0
10,28,5,5.9,0.8,-0.8,4.6,1
10,20,6,-4.3,0.6,-16.1,-4.5,1
10,12,7,-5.4,0.94,-16.8,-6.4,1
10,4,8,-10,0.2,-29.2,-25.6,1
10,22,9,9.6,0.91,-6.4,8.7,0
10,41,10,18.8,0.8,7.6,15.5,0
10,50,11,5.8,0.04,2.7,2.8,1
10,34,12,1.3,0.05,-4.3,-4.1,1
10,55,13,11.4,0.97,1.9,11,0
10,49,14,13.4,0.5,3.8,9.9,0
10,15,15,-8.9,0.08,-26.3,-25.4,1
10,3,16,-6.3,0.3,-15.2,-12.2,0
10,27,17,1.6,0.93,-8.3,1.2,0
10,39,18,7.4,0.3,-8.2,-6.9,1
10,56,19,26.5,0.94,8.3,25.2,0
10,31,20,6.7,0.95,-1.8,6.4,0
10,59,21,10.1,0.3,4.2,6,1
10,13,22,-2,0.05,-10.4,-9.4,1
10,23,23,7.3,0.8,-3.6,5.6,0
10,42,24,17.9,0.92,7.2,17.1,0
10,54,25,16.5,0.01,6.9,7,1
10,21,26,2,0.1,-5.7,-4.6,1
10,57,27,11.5,0.6,3.7,7.9,0
10,1,28,-0.3,0.96,-2.1,-0.3,0
10,51,29,13.1,0.94,3.8,12.8,0
10,45,30,2.8,0.8,1,2.2,0
10,16,31,-7.1,0.07,-19.6,-18.7,1
10,29,32,7.9,0.92,-2.3,7,0
10,53,33,25.7,0.1,8.1,11.5,1
10,58,34,20.8,0.99,8.9,20.7,0
10,25,35,7.4,0.02,-6.6,-6.4,1
10,24,36,9.2,0.05,-9.5,-7.5,1
10,2,37,-0.9,0.95,-4.2,-1,0
10,33,38,7.3,0.96,-8.5,6.8,0
10,10,39,-1.5,0.92,-6.4,-1.8,0
10,36,40,5,0.08,-9.1,-7.9,1
10,48,41,18.2,0.98,6.9,18.1,0
10,18,42,-4,0.2,-9.3,-8.1,1
10,47,43,24.3,0.04,9.7,10.6,1
10,32,44,6.7,0.93,-5,5.6,0
10,11,45,-1.2,0.02,-12.3,-12.1,1
10,60,46,8,0.92,0.8,7.7,0
10,37,47,2.1,0.8,-8.4,1.3,0
10,8,48,-0.7,0.1,-6.5,-6,1
10,17,49,-9.7,0.1,-24.7,-23.8,1
10,9,50,-5.7,0.95,-16.3,-6.1,0
10,38,51,6.7,0.07,-6.2,-5.1,1
10,14,52,-8.8,0.6,-19.5,-15.5,1
10,35,53,3,0.93,-7.2,2.2,0
10,26,54,6.4,0.05,-5.3,-4.9,1
10,5,55,-1.7,0.9,-3.9,-1.9,0
10,43,56,22.9,0.06,9.6,9.2,1
10,46,57,17.1,0.1,6.9,8,1
10,44,58,10,0.96,1.7,9.9,0
10,7,59,-5.6,0.7,-20.2,-11.7,1
10,6,60,-6.3,0.99,-15.7,-6.4,0
11,4,1,-10,0.2,-29.2,-25.6,1
11,55,2,11.4,0.97,1.9,11,1
11,18,3,-4,0.2,-9.3,-8.1,0
11,50,4,5.8,0.04,2.7,2.8,0
11,46,5,17.1,0.1,6.9,8,0
11,51,6,13.1,0.94,3.8,12.8,1
11,8,7,-0.7,0.1,-6.5,-6,1
11,1,8,-0.3,0.96,-2.1,-0.3,1
11,15,9,-8.9,0.08,-26.3,-25.4,0
11,28,10,5.9,0.8,-0.8,4.6,0
11,5,11,-1.7,0.9,-3.9,-1.9,0
11,21,12,2,0.1,-5.7,-4.6,1
11,14,13,-8.8,0.6,-19.5,-15.5,1
11,13,14,-2,0.05,-10.4,-9.4,0
11,27,15,1.6,0.93,-8.3,1.2,0
11,9,16,-5.7,0.95,-16.3,-6.1,0
11,24,17,9.2,0.05,-9.5,-7.5,1
11,54,18,16.5,0.01,6.9,7,1
11,43,19,22.9,0.06,9.6,9.2,1
11,56,20,26.5,0.94,8.3,25.2,0
11,33,21,7.3,0.96,-8.5,6.8,0
11,11,22,-1.2,0.02,-12.3,-12.1,1
11,60,23,8,0.92,0.8,7.7,0
11,59,24,10.1,0.3,4.2,6,1
11,30,25,3,0.91,-7.7,1.4,0
11,53,26,25.7,0.1,8.1,11.5,1
11,20,27,-4.3,0.6,-16.1,-4.5,0
11,47,28,24.3,0.04,9.7,10.6,1
11,10,29,-1.5,0.92,-6.4,-1.8,0
11,38,30,6.7,0.07,-6.2,-5.1,1
11,31,31,6.7,0.95,-1.8,6.4,0
11,44,32,10,0.96,1.7,9.9,0
11,22,33,9.6,0.91,-6.4,8.7,0
11,7,34,-5.6,0.7,-20.2,-11.7,1
11,52,35,3.5,0.09,0.1,0.5,1
11,41,36,18.8,0.8,7.6,15.5,0
11,17,37,-9.7,0.1,-24.7,-23.8,1
11,2,38,-0.9,0.95,-4.2,-1,0
11,42,39,17.9,0.92,7.2,17.1,0
11,25,40,7.4,0.02,-6.6,-6.4,1
11,32,41,6.7,0.93,-5,5.6,0
11,49,42,13.4,0.5,3.8,9.9,1
11,19,43,-6.5,0.9,-17.5,-8.4,0
11,57,44,11.5,0.6,3.7,7.9,1
11,37,45,2.1,0.8,-8.4,1.3,1
11,48,46,18.2,0.98,6.9,18.1,0
11,29,47,7.9,0.92,-2.3,7,1
11,23,48,7.3,0.8,-3.6,5.6,1
11,40,49,6,0.98,-1.3,5.9,0
11,39,50,7.4,0.3,-8.2,-6.9,1
11,36,51,5,0.08,-9.1,-7.9,1
11,16,52,-7.1,0.07,-19.6,-18.7,1
11,45,53,2.8,0.8,1,2.2,1
11,3,54,-6.3,0.3,-15.2,-12.2,1
11,34,55,1.3,0.05,-4.3,-4.1,1
11,35,56,3,0.93,-7.2,2.2,1
11,12,57,-5.4,0.94,-16.8,-6.4,0
11,26,58,6.4,0.05,-5.3,-4.9,0
11,58,59,20.8,0.99,8.9,20.7,1
11,6,60,-6.3,0.99,-15.7,-6.4,0
12,24,1,9.2,0.05,-9.5,-7.5,1
12,30,2,3,0.91,-7.7,1.4,1
12,25,3,7.4,0.02,-6.6,-6.4,1
12,3,4,-6.3,0.3,-15.2,-12.2,0
12,26,5,6.4,0.05,-5.3,-4.9,0
12,56,6,26.5,0.94,8.3,25.2,0
12,37,7,2.1,0.8,-8.4,1.3,0
12,35,8,3,0.93,-7.2,2.2,1
12,57,9,11.5,0.6,3.7,7.9,0
12,5,10,-1.7,0.9,-3.9,-1.9,1
12,8,11,-0.7,0.1,-6.5,-6,1
12,4,12,-10,0.2,-29.2,-25.6,1
12,58,13,20.8,0.99,8.9,20.7,0
12,33,14,7.3,0.96,-8.5,6.8,0
12,45,15,2.8,0.8,1,2.2,0
12,23,16,7.3,0.8,-3.6,5.6,0
12,17,17,-9.7,0.1,-24.7,-23.8,1
12,21,18,2,0.1,-5.7,-4.6,1
12,43,19,22.9,0.06,9.6,9.2,0
12,2,20,-0.9,0.95,-4.2,-1,0
12,53,21,25.7,0.1,8.1,11.5,0
12,6,22,-6.3,0.99,-15.7,-6.4,0
12,46,23,17.1,0.1,6.9,8,0
12,41,24,18.8,0.8,7.6,15.5,0
12,14,25,-8.8,0.6,-19.5,-15.5,0
12,40,26,6,0.98,-1.3,5.9,0
12,47,27,24.3,0.04,9.7,10.6,0
12,50,28,5.8,0.04,2.7,2.8,0
12,7,29,-5.6,0.7,-20.2,-11.7,0
12,52,30,3.5,0.09,0.1,0.5,0
12,48,31,18.2,0.98,6.9,18.1,0
12,9,32,-5.7,0.95,-16.3,-6.1,0
12,44,33,10,0.96,1.7,9.9,0
12,1,34,-0.3,0.96,-2.1,-0.3,0
12,18,35,-4,0.2,-9.3,-8.1,0
12,51,36,13.1,0.94,3.8,12.8,0
12,15,37,-8.9,0.08,-26.3,-25.4,0
12,29,38,7.9,0.92,-2.3,7,0
12,42,39,17.9,0.92,7.2,17.1,0
12,31,40,6.7,0.95,-1.8,6.4,0
12,22,41,9.6,0.91,-6.4,8.7,0
12,34,42,1.3,0.05,-4.3,-4.1,0
12,38,43,6.7,0.07,-6.2,-5.1,0
12,16,44,-7.1,0.07,-19.6,-18.7,0
12,59,45,10.1,0.3,4.2,6,0
12,12,46,-5.4,0.94,-16.8,-6.4,0
12,19,47,-6.5,0.9,-17.5,-8.4,0
12,39,48,7.4,0.3,-8.2,-6.9,0
12,36,49,5,0.08,-9.1,-7.9,0
12,60,50,8,0.92,0.8,7.7,0
12,32,51,6.7,0.93,-5,5.6,0
12,27,52,1.6,0.93,-8.3,1.2,0
12,20,53,-4.3,0.6,-16.1,-4.5,0
12,10,54,-1.5,0.92,-6.4,-1.8,0
12,28,55,5.9,0.8,-0.8,4.6,0
12,49,56,13.4,0.5,3.8,9.9,0
12,54,57,16.5,0.01,6.9,7,0
12,11,58,-1.2,0.02,-12.3,-12.1,0
12,13,59,-2,0.05,-10.4,-9.4,0
12,55,60,11.4,0.97,1.9,11,0
13,19,1,-6.5,0.9,-17.5,-8.4,1
13,53,2,25.7,0.1,8.1,11.5,0
13,45,3,2.8,0.8,1,2.2,1
13,48,4,18.2,0.98,6.9,18.1,0
13,12,5,-5.4,0.94,-16.8,-6.4,0
13,44,6,10,0.96,1.7,9.9,0
13,24,7,9.2,0.05,-9.5,-7.5,1
13,32,8,6.7,0.93,-5,5.6,1
13,30,9,3,0.91,-7.7,1.4,1
13,31,10,6.7,0.95,-1.8,6.4,1
13,21,11,2,0.1,-5.7,-4.6,1
13,29,12,7.9,0.92,-2.3,7,1
13,6,13,-6.3,0.99,-15.7,-6.4,0
13,3,14,-6.3,0.3,-15.2,-12.2,1
13,28,15,5.9,0.8,-0.8,4.6,1
13,40,16,6,0.98,-1.3,5.9,0
13,46,17,17.1,0.1,6.9,8,1
13,57,18,11.5,0.6,3.7,7.9,0
13,17,19,-9.7,0.1,-24.7,-23.8,1
13,35,20,3,0.93,-7.2,2.2,1
13,10,21,-1.5,0.92,-6.4,-1.8,0
13,2,22,-0.9,0.95,-4.2,-1,0
13,14,23,-8.8,0.6,-19.5,-15.5,1
13,49,24,13.4,0.5,3.8,9.9,0
13,42,25,17.9,0.92,7.2,17.1,0
13,41,26,18.8,0.8,7.6,15.5,0
13,47,27,24.3,0.04,9.7,10.6,0
13,25,28,7.4,0.02,-6.6,-6.4,1
13,59,29,10.1,0.3,4.2,6,0
13,15,30,-8.9,0.08,-26.3,-25.4,1
13,52,31,3.5,0.09,0.1,0.5,0
13,20,32,-4.3,0.6,-16.1,-4.5,0
13,34,33,1.3,0.05,-4.3,-4.1,1
13,13,34,-2,0.05,-10.4,-9.4,0
13,50,35,5.8,0.04,2.7,2.8,1
13,58,36,20.8,0.99,8.9,20.7,0
13,39,37,7.4,0.3,-8.2,-6.9,0
13,8,38,-0.7,0.1,-6.5,-6,1
13,36,39,5,0.08,-9.1,-7.9,0
13,33,40,7.3,0.96,-8.5,6.8,0
13,18,41,-4,0.2,-9.3,-8.1,0
13,1,42,-0.3,0.96,-2.1,-0.3,1
13,55,43,11.4,0.97,1.9,11,0
13,37,44,2.1,0.8,-8.4,1.3,0
13,9,45,-5.7,0.95,-16.3,-6.1,0
13,51,46,13.1,0.94,3.8,12.8,0
13,60,47,8,0.92,0.8,7.7,0
13,27,48,1.6,0.93,-8.3,1.2,0
13,26,49,6.4,0.05,-5.3,-4.9,1
13,54,50,16.5,0.01,6.9,7,1
13,16,51,-7.1,0.07,-19.6,-18.7,1
13,23,52,7.3,0.8,-3.6,5.6,0
13,11,53,-1.2,0.02,-12.3,-12.1,1
13,4,54,-10,0.2,-29.2,-25.6,1
13,5,55,-1.7,0.9,-3.9,-1.9,0
13,56,56,26.5,0.94,8.3,25.2,0
13,22,57,9.6,0.91,-6.4,8.7,0
13,38,58,6.7,0.07,-6.2,-5.1,1
13,7,59,-5.6,0.7,-20.2,-11.7,1
13,43,60,22.9,0.06,9.6,9.2,1
14,59,1,10.1,0.3,4.2,6,0
14,8,2,-0.7,0.1,-6.5,-6,0
14,5,3,-1.7,0.9,-3.9,-1.9,1
14,4,4,-10,0.2,-29.2,-25.6,1
14,45,5,2.8,0.8,1,2.2,1
14,40,6,6,0.98,-1.3,5.9,0
14,41,7,18.8,0.8,7.6,15.5,1
14,55,8,11.4,0.97,1.9,11,0
14,10,9,-1.5,0.92,-6.4,-1.8,0
14,51,10,13.1,0.94,3.8,12.8,0
14,28,11,5.9,0.8,-0.8,4.6,0
14,16,12,-7.1,0.07,-19.6,-18.7,0
14,20,13,-4.3,0.6,-16.1,-4.5,0
14,36,14,5,0.08,-9.1,-7.9,0
14,1,15,-0.3,0.96,-2.1,-0.3,0
14,21,16,2,0.1,-5.7,-4.6,1
14,44,17,10,0.96,1.7,9.9,0
14,49,18,13.4,0.5,3.8,9.9,0
14,26,19,6.4,0.05,-5.3,-4.9,0
14,38,20,6.7,0.07,-6.2,-5.1,0
14,56,21,26.5,0.94,8.3,25.2,1
14,13,22,-2,0.05,-10.4,-9.4,0
14,12,23,-5.4,0.94,-16.8,-6.4,0
14,7,24,-5.6,0.7,-20.2,-11.7,0
14,57,25,11.5,0.6,3.7,7.9,0
14,30,26,3,0.91,-7.7,1.4,0
14,48,27,18.2,0.98,6.9,18.1,0
14,15,28,-8.9,0.08,-26.3,-25.4,1
14,6,29,-6.3,0.99,-15.7,-6.4,0
14,18,30,-4,0.2,-9.3,-8.1,1
14,58,31,20.8,0.99,8.9,20.7,0
14,2,32,-0.9,0.95,-4.2,-1,0
14,9,33,-5.7,0.95,-16.3,-6.1,1
14,42,34,17.9,0.92,7.2,17.1,0
14,3,35,-6.3,0.3,-15.2,-12.2,0
14,14,36,-8.8,0.6,-19.5,-15.5,1
14,46,37,17.1,0.1,6.9,8,0
14,19,38,-6.5,0.9,-17.5,-8.4,1
14,52,39,3.5,0.09,0.1,0.5,0
14,32,40,6.7,0.93,-5,5.6,0
14,11,41,-1.2,0.02,-12.3,-12.1,1
14,23,42,7.3,0.8,-3.6,5.6,0
14,22,43,9.6,0.91,-6.4,8.7,0
14,60,44,8,0.92,0.8,7.7,0
14,54,45,16.5,0.01,6.9,7,0
14,27,46,1.6,0.93,-8.3,1.2,0
14,53,47,25.7,0.1,8.1,11.5,0
14,50,48,5.8,0.04,2.7,2.8,1
14,33,49,7.3,0.96,-8.5,6.8,0
14,39,50,7.4,0.3,-8.2,-6.9,1
14,35,51,3,0.93,-7.2,2.2,0
14,43,52,22.9,0.06,9.6,9.2,1
14,17,53,-9.7,0.1,-24.7,-23.8,0
14,29,54,7.9,0.92,-2.3,7,0
14,37,55,2.1,0.8,-8.4,1.3,0
14,24,56,9.2,0.05,-9.5,-7.5,0
14,34,57,1.3,0.05,-4.3,-4.1,1
14,31,58,6.7,0.95,-1.8,6.4,0
14,25,59,7.4,0.02,-6.6,-6.4,1
14,47,60,24.3,0.04,9.7,10.6,1
15,52,1,3.5,0.09,0.1,0.5,0
15,11,2,-1.2,0.02,-12.3,-12.1,1
15,48,3,18.2,0.98,6.9,18.1,1
15,30,4,3,0.91,-7.7,1.4,1
15,50,5,5.8,0.04,2.7,2.8,0
15,54,6,16.5,0.01,6.9,7,0
15,60,7,8,0.92,0.8,7.7,1
15,1,8,-0.3,0.96,-2.1,-0.3,0
15,9,9,-5.7,0.95,-16.3,-6.1,1
15,41,10,18.8,0.8,7.6,15.5,1
15,24,11,9.2,0.05,-9.5,-7.5,1
15,43,12,22.9,0.06,9.6,9.2,0
15,39,13,7.4,0.3,-8.2,-6.9,1
15,28,14,5.9,0.8,-0.8,4.6,1
15,10,15,-1.5,0.92,-6.4,-1.8,0
15,40,16,6,0.98,-1.3,5.9,1
15,22,17,9.6,0.91,-6.4,8.7,0
15,49,18,13.4,0.5,3.8,9.9,0
15,2,19,-0.9,0.95,-4.2,-1,1
15,33,20,7.3,0.96,-8.5,6.8,0
15,35,21,3,0.93,-7.2,2.2,0
15,5,22,-1.7,0.9,-3.9,-1.9,1
15,57,23,11.5,0.6,3.7,7.9,0
15,42,24,17.9,0.92,7.2,17.1,1
15,20,25,-4.3,0.6,-16.1,-4.5,0
15,51,26,13.1,0.94,3.8,12.8,1
15,3,27,-6.3,0.3,-15.2,-12.2,1
15,8,28,-0.7,0.1,-6.5,-6,1
15,26,29,6.4,0.05,-5.3,-4.9,1
15,13,30,-2,0.05,-10.4,-9.4,1
15,23,31,7.3,0.8,-3.6,5.6,1
15,29,32,7.9,0.92,-2.3,7,1
15,14,33,-8.8,0.6,-19.5,-15.5,1
15,56,34,26.5,0.94,8.3,25.2,1
15,58,35,20.8,0.99,8.9,20.7,1
15,6,36,-6.3,0.99,-15.7,-6.4,1
15,55,37,11.4,0.97,1.9,11,1
15,18,38,-4,0.2,-9.3,-8.1,1
15,19,39,-6.5,0.9,-17.5,-8.4,1
15,46,40,17.1,0.1,6.9,8,0
15,7,41,-5.6,0.7,-20.2,-11.7,1
15,17,42,-9.7,0.1,-24.7,-23.8,1
15,47,43,24.3,0.04,9.7,10.6,1
15,4,44,-10,0.2,-29.2,-25.6,1
15,15,45,-8.9,0.08,-26.3,-25.4,1
15,45,46,2.8,0.8,1,2.2,1
15,32,47,6.7,0.93,-5,5.6,0
15,59,48,10.1,0.3,4.2,6,0
15,53,49,25.7,0.1,8.1,11.5,0
15,31,50,6.7,0.95,-1.8,6.4,0
15,34,51,1.3,0.05,-4.3,-4.1,1
15,12,52,-5.4,0.94,-16.8,-6.4,0
15,27,53,1.6,0.93,-8.3,1.2,0
15,16,54,-7.1,0.07,-19.6,-18.7,0
15,44,55,10,0.96,1.7,9.9,0
15,38,56,6.7,0.07,-6.2,-5.1,1
15,25,57,7.4,0.02,-6.6,-6.4,1
15,21,58,2,0.1,-5.7,-4.6,1
15,36,59,5,0.08,-9.1,-7.9,1
15,37,60,2.1,0.8,-8.4,1.3,0
16,51,1,13.1,0.94,3.8,12.8,0
16,34,2,1.3,0.05,-4.3,-4.1,0
16,38,3,6.7,0.07,-6.2,-5.1,1
16,37,4,2.1,0.8,-8.4,1.3,0
16,42,5,17.9,0.92,7.2,17.1,0
16,12,6,-5.4,0.94,-16.8,-6.4,1
16,10,7,-1.5,0.92,-6.4,-1.8,0
16,55,8,11.4,0.97,1.9,11,0
16,60,9,8,0.92,0.8,7.7,0
16,49,10,13.4,0.5,3.8,9.9,0
16,28,11,5.9,0.8,-0.8,4.6,0
16,43,12,22.9,0.06,9.6,9.2,1
16,4,13,-10,0.2,-29.2,-25.6,1
16,15,14,-8.9,0.08,-26.3,-25.4,1
16,24,15,9.2,0.05,-9.5,-7.5,1
16,31,16,6.7,0.95,-1.8,6.4,0
16,18,17,-4,0.2,-9.3,-8.1,1
16,47,18,24.3,0.04,9.7,10.6,1
16,48,19,18.2,0.98,6.9,18.1,0
16,8,20,-0.7,0.1,-6.5,-6,1
16,25,21,7.4,0.02,-6.6,-6.4,1
16,29,22,7.9,0.92,-2.3,7,0
16,41,23,18.8,0.8,7.6,15.5,0
16,16,24,-7.1,0.07,-19.6,-18.7,1
16,20,25,-4.3,0.6,-16.1,-4.5,0
16,1,26,-0.3,0.96,-2.1,-0.3,1
16,59,27,10.1,0.3,4.2,6,0
16,13,28,-2,0.05,-10.4,-9.4,1
16,19,29,-6.5,0.9,-17.5,-8.4,0
16,21,30,2,0.1,-5.7,-4.6,1
16,27,31,1.6,0.93,-8.3,1.2,0
16,56,32,26.5,0.94,8.3,25.2,0
16,26,33,6.4,0.05,-5.3,-4.9,1
16,32,34,6.7,0.93,-5,5.6,0
16,11,35,-1.2,0.02,-12.3,-12.1,1
16,30,36,3,0.91,-7.7,1.4,0
16,57,37,11.5,0.6,3.7,7.9,0
16,5,38,-1.7,0.9,-3.9,-1.9,0
16,14,39,-8.8,0.6,-19.5,-15.5,1
16,7,40,-5.6,0.7,-20.2,-11.7,1
16,23,41,7.3,0.8,-3.6,5.6,0
16,53,42,25.7,0.1,8.1,11.5,0
16,33,43,7.3,0.96,-8.5,6.8,0
16,40,44,6,0.98,-1.3,5.9,0
16,44,45,10,0.96,1.7,9.9,0
16,36,46,5,0.08,-9.1,-7.9,1
16,2,47,-0.9,0.95,-4.2,-1,0
16,46,48,17.1,0.1,6.9,8,1
16,3,49,-6.3,0.3,-15.2,-12.2,1
16,50,50,5.8,0.04,2.7,2.8,1
16,45,51,2.8,0.8,1,2.2,0
16,6,52,-6.3,0.99,-15.7,-6.4,0
16,22,53,9.6,0.91,-6.4,8.7,0
16,54,54,16.5,0.01,6.9,7,1
16,17,55,-9.7,0.1,-24.7,-23.8,1
16,52,56,3.5,0.09,0.1,0.5,0
16,58,57,20.8,0.99,8.9,20.7,0
16,35,58,3,0.93,-7.2,2.2,0
16,9,59,-5.7,0.95,-16.3,-6.1,0
16,39,60,7.4,0.3,-8.2,-6.9,1
17,35,1,3,0.93,-7.2,2.2,0
17,38,2,6.7,0.07,-6.2,-5.1,1
17,47,3,24.3,0.04,9.7,10.6,1
17,11,4,-1.2,0.02,-12.3,-12.1,1
17,56,5,26.5,0.94,8.3,25.2,0
17,53,6,25.7,0.1,8.1,11.5,0
17,5,7,-1.7,0.9,-3.9,-1.9,0
17,18,8,-4,0.2,-9.3,-8.1,1
17,19,9,-6.5,0.9,-17.5,-8.4,1
17,8,10,-0.7,0.1,-6.5,-6,1
17,41,11,18.8,0.8,7.6,15.5,0
17,26,12,6.4,0.05,-5.3,-4.9,1
17,27,13,1.6,0.93,-8.3,1.2,1
17,14,14,-8.8,0.6,-19.5,-15.5,1
17,12,15,-5.4,0.94,-16.8,-6.4,0
17,1,16,-0.3,0.96,-2.1,-0.3,0
17,6,17,-6.3,0.99,-15.7,-6.4,0
17,37,18,2.1,0.8,-8.4,1.3,0
17,23,19,7.3,0.8,-3.6,5.6,0
17,50,20,5.8,0.04,2.7,2.8,1
17,15,21,-8.9,0.08,-26.3,-25.4,1
17,43,22,22.9,0.06,9.6,9.2,1
17,34,23,1.3,0.05,-4.3,-4.1,1
17,3,24,-6.3,0.3,-15.2,-12.2,1
17,49,25,13.4,0.5,3.8,9.9,0
17,21,26,2,0.1,-5.7,-4.6,1
17,59,27,10.1,0.3,4.2,6,1
17,29,28,7.9,0.92,-2.3,7,0
17,17,29,-9.7,0.1,-24.7,-23.8,1
17,4,30,-10,0.2,-29.2,-25.6,1
17,54,31,16.5,0.01,6.9,7,1
17,10,32,-1.5,0.92,-6.4,-1.8,1
17,30,33,3,0.91,-7.7,1.4,1
17,39,34,7.4,0.3,-8.2,-6.9,1
17,20,35,-4.3,0.6,-16.1,-4.5,0
17,31,36,6.7,0.95,-1.8,6.4,0
17,42,37,17.9,0.92,7.2,17.1,0
17,32,38,6.7,0.93,-5,5.6,0
17,46,39,17.1,0.1,6.9,8,1
17,60,40,8,0.92,0.8,7.7,0
17,24,41,9.2,0.05,-9.5,-7.5,1
17,40,42,6,0.98,-1.3,5.9,0
17,13,43,-2,0.05,-10.4,-9.4,1
17,57,44,11.5,0.6,3.7,7.9,1
17,2,45,-0.9,0.95,-4.2,-1,0
17,28,46,5.9,0.8,-0.8,4.6,0
17,45,47,2.8,0.8,1,2.2,0
17,55,48,11.4,0.97,1.9,11,0
17,33,49,7.3,0.96,-8.5,6.8,0
17,51,50,13.1,0.94,3.8,12.8,0
17,44,51,10,0.96,1.7,9.9,0
17,25,52,7.4,0.02,-6.6,-6.4,1
17,22,53,9.6,0.91,-6.4,8.7,0
17,36,54,5,0.08,-9.1,-7.9,0
17,7,55,-5.6,0.7,-20.2,-11.7,0
17,9,56,-5.7,0.95,-16.3,-6.1,0
17,58,57,20.8,0.99,8.9,20.7,0
17,48,58,18.2,0.98,6.9,18.1,0
17,16,59,-7.1,0.07,-19.6,-18.7,1
17,52,60,3.5,0.09,0.1,0.5,1
18,5,1,-1.7,0.9,-3.9,-1.9,0
18,50,2,5.8,0.04,2.7,2.8,0
18,53,3,25.7,0.1,8.1,11.5,0
18,12,4,-5.4,0.94,-16.8,-6.4,0
18,37,5,2.1,0.8,-8.4,1.3,1
18,13,6,-2,0.05,-10.4,-9.4,0
18,7,7,-5.6,0.7,-20.2,-11.7,1
18,14,8,-8.8,0.6,-19.5,-15.5,1
18,31,9,6.7,0.95,-1.8,6.4,0
18,1,10,-0.3,0.96,-2.1,-0.3,0
18,16,11,-7.1,0.07,-19.6,-18.7,0
18,22,12,9.6,0.91,-6.4,8.7,1
18,9,13,-5.7,0.95,-16.3,-6.1,1
18,3,14,-6.3,0.3,-15.2,-12.2,0
18,42,15,17.9,0.92,7.2,17.1,1
18,4,16,-10,0.2,-29.2,-25.6,0
18,18,17,-4,0.2,-9.3,-8.1,1
18,25,18,7.4,0.02,-6.6,-6.4,1
18,10,19,-1.5,0.92,-6.4,-1.8,0
18,11,20,-1.2,0.02,-12.3,-12.1,1
18,6,21,-6.3,0.99,-15.7,-6.4,1
18,40,22,6,0.98,-1.3,5.9,1
18,58,23,20.8,0.99,8.9,20.7,1
18,55,24,11.4,0.97,1.9,11,1
18,52,25,3.5,0.09,0.1,0.5,0
18,49,26,13.4,0.5,3.8,9.9,0
18,38,27,6.7,0.07,-6.2,-5.1,1
18,54,28,16.5,0.01,6.9,7,1
18,46,29,17.1,0.1,6.9,8,0
18,47,30,24.3,0.04,9.7,10.6,0
18,23,31,7.3,0.8,-3.6,5.6,0
18,2,32,-0.9,0.95,-4.2,-1,0
18,27,33,1.6,0.93,-8.3,1.2,1
18,28,34,5.9,0.8,-0.8,4.6,0
18,56,35,26.5,0.94,8.3,25.2,1
18,15,36,-8.9,0.08,-26.3,-25.4,0
18,32,37,6.7,0.93,-5,5.6,1
18,34,38,1.3,0.05,-4.3,-4.1,1
18,48,39,18.2,0.98,6.9,18.1,1
18,17,40,-9.7,0.1,-24.7,-23.8,1
18,8,41,-0.7,0.1,-6.5,-6,1
18,30,42,3,0.91,-7.7,1.4,1
18,60,43,8,0.92,0.8,7.7,1
18,24,44,9.2,0.05,-9.5,-7.5,0
18,41,45,18.8,0.8,7.6,15.5,1
18,44,46,10,0.96,1.7,9.9,0
18,36,47,5,0.08,-9.1,-7.9,0
18,59,48,10.1,0.3,4.2,6,0
18,26,49,6.4,0.05,-5.3,-4.9,0
18,39,50,7.4,0.3,-8.2,-6.9,0
18,35,51,3,0.93,-7.2,2.2,1
18,20,52,-4.3,0.6,-16.1,-4.5,0
18,19,53,-6.5,0.9,-17.5,-8.4,1
18,45,54,2.8,0.8,1,2.2,1
18,57,55,11.5,0.6,3.7,7.9,1
18,33,56,7.3,0.96,-8.5,6.8,1
18,29,57,7.9,0.92,-2.3,7,1
18,21,58,2,0.1,-5.7,-4.6,0
18,43,59,22.9,0.06,9.6,9.2,0
18,51,60,13.1,0.94,3.8,12.8,0
19,44,1,10,0.96,1.7,9.9,1
19,51,2,13.1,0.94,3.8,12.8,0
19,25,3,7.4,0.02,-6.6,-6.4,1
19,45,4,2.8,0.8,1,2.2,0
19,4,5,-10,0.2,-29.2,-25.6,1
19,41,6,18.8,0.8,7.6,15.5,1
19,36,7,5,0.08,-9.1,-7.9,1
19,47,8,24.3,0.04,9.7,10.6,0
19,34,9,1.3,0.05,-4.3,-4.1,1
19,32,10,6.7,0.93,-5,5.6,0
19,38,11,6.7,0.07,-6.2,-5.1,1
19,49,12,13.4,0.5,3.8,9.9,0
19,6,13,-6.3,0.99,-15.7,-6.4,0
19,22,14,9.6,0.91,-6.4,8.7,0
19,26,15,6.4,0.05,-5.3,-4.9,1
19,58,16,20.8,0.99,8.9,20.7,0
19,28,17,5.9,0.8,-0.8,4.6,1
19,35,18,3,0.93,-7.2,2.2,0
19,40,19,6,0.98,-1.3,5.9,0
19,5,20,-1.7,0.9,-3.9,-1.9,0
19,39,21,7.4,0.3,-8.2,-6.9,1
19,18,22,-4,0.2,-9.3,-8.1,0
19,16,23,-7.1,0.07,-19.6,-18.7,1
19,43,24,22.9,0.06,9.6,9.2,1
19,46,25,17.1,0.1,6.9,8,0
19,52,26,3.5,0.09,0.1,0.5,0
19,57,27,11.5,0.6,3.7,7.9,0
19,27,28,1.6,0.93,-8.3,1.2,0
19,7,29,-5.6,0.7,-20.2,-11.7,0
19,23,30,7.3,0.8,-3.6,5.6,0
19,37,31,2.1,0.8,-8.4,1.3,0
19,1,32,-0.3,0.96,-2.1,-0.3,0
19,59,33,10.1,0.3,4.2,6,0
19,24,34,9.2,0.05,-9.5,-7.5,1
19,55,35,11.4,0.97,1.9,11,0
19,12,36,-5.4,0.94,-16.8,-6.4,0
19,14,37,-8.8,0.6,-19.5,-15.5,1
19,21,38,2,0.1,-5.7,-4.6,1
19,29,39,7.9,0.92,-2.3,7,0
19,53,40,25.7,0.1,8.1,11.5,1
19,8,41,-0.7,0.1,-6.5,-6,0
19,9,42,-5.7,0.95,-16.3,-6.1,0
19,60,43,8,0.92,0.8,7.7,0
19,3,44,-6.3,0.3,-15.2,-12.2,1
19,11,45,-1.2,0.02,-12.3,-12.1,1
19,54,46,16.5,0.01,6.9,7,1
19,42,47,17.9,0.92,7.2,17.1,0
19,31,48,6.7,0.95,-1.8,6.4,0
19,33,49,7.3,0.96,-8.5,6.8,0
19,50,50,5.8,0.04,2.7,2.8,1
19,10,51,-1.5,0.92,-6.4,-1.8,0
19,2,52,-0.9,0.95,-4.2,-1,0
19,20,53,-4.3,0.6,-16.1,-4.5,0
19,56,54,26.5,0.94,8.3,25.2,0
19,13,55,-2,0.05,-10.4,-9.4,0
19,19,56,-6.5,0.9,-17.5,-8.4,0
19,48,57,18.2,0.98,6.9,18.1,0
19,30,58,3,0.91,-7.7,1.4,0
19,15,59,-8.9,0.08,-26.3,-25.4,1
19,17,60,-9.7,0.1,-24.7,-23.8,1
20,44,1,10,0.96,1.7,9.9,0
20,1,2,-0.3,0.96,-2.1,-0.3,0
20,4,3,-10,0.2,-29.2,-25.6,1
20,43,4,22.9,0.06,9.6,9.2,0
20,28,5,5.9,0.8,-0.8,4.6,0
20,39,6,7.4,0.3,-8.2,-6.9,1
20,52,7,3.5,0.09,0.1,0.5,1
20,25,8,7.4,0.02,-6.6,-6.4,1
20,51,9,13.1,0.94,3.8,12.8,0
20,36,10,5,0.08,-9.1,-7.9,0
20,40,11,6,0.98,-1.3,5.9,0
20,22,12,9.6,0.91,-6.4,8.7,0
20,32,13,6.7,0.93,-5,5.6,1
20,14,14,-8.8,0.6,-19.5,-15.5,1
20,34,15,1.3,0.05,-4.3,-4.1,1
20,45,16,2.8,0.8,1,2.2,1
20,33,17,7.3,0.96,-8.5,6.8,0
20,46,18,17.1,0.1,6.9,8,1
20,38,19,6.7,0.07,-6.2,-5.1,1
20,24,20,9.2,0.05,-9.5,-7.5,1
20,30,21,3,0.91,-7.7,1.4,1
20,47,22,24.3,0.04,9.7,10.6,1
20,48,23,18.2,0.98,6.9,18.1,0
20,49,24,13.4,0.5,3.8,9.9,0
20,31,25,6.7,0.95,-1.8,6.4,0
20,21,26,2,0.1,-5.7,-4.6,1
20,13,27,-2,0.05,-10.4,-9.4,1
20,56,28,26.5,0.94,8.3,25.2,0
20,59,29,10.1,0.3,4.2,6,1
20,27,30,1.6,0.93,-8.3,1.2,0
20,26,31,6.4,0.05,-5.3,-4.9,0
20,23,32,7.3,0.8,-3.6,5.6,0
20,16,33,-7.1,0.07,-19.6,-18.7,1
20,54,34,16.5,0.01,6.9,7,1
20,17,35,-9.7,0.1,-24.7,-23.8,1
20,29,36,7.9,0.92,-2.3,7,0
20,7,37,-5.6,0.7,-20.2,-11.7,0
20,37,38,2.1,0.8,-8.4,1.3,0
20,55,39,11.4,0.97,1.9,11,0
20,5,40,-1.7,0.9,-3.9,-1.9,0
20,2,41,-0.9,0.95,-4.2,-1,0
20,3,42,-6.3,0.3,-15.2,-12.2,1
20,60,43,8,0.92,0.8,7.7,0
20,57,44,11.5,0.6,3.7,7.9,1
20,42,45,17.9,0.92,7.2,17.1,0
20,12,46,-5.4,0.94,-16.8,-6.4,0
20,6,47,-6.3,0.99,-15.7,-6.4,0
20,9,48,-5.7,0.95,-16.3,-6.1,0
20,53,49,25.7,0.1,8.1,11.5,1
20,19,50,-6.5,0.9,-17.5,-8.4,0
20,15,51,-8.9,0.08,-26.3,-25.4,1
20,41,52,18.8,0.8,7.6,15.5,0
20,58,53,20.8,0.99,8.9,20.7,0
20,20,54,-4.3,0.6,-16.1,-4.5,0
20,10,55,-1.5,0.92,-6.4,-1.8,0
20,11,56,-1.2,0.02,-12.3,-12.1,1
20,18,57,-4,0.2,-9.3,-8.1,1
20,8,58,-0.7,0.1,-6.5,-6,1
20,50,59,5.8,0.04,2.7,2.8,1
20,35,60,3,0.93,-7.2,2.2,0
